{
  "docomo" : {
    "1" : {
      "number" : "1",
      "sjis" : "F89F",
      "sjis-10" : "63647",
      "unicode" : "E63E",
      "title" : "\u6674\u308c",
      "color" : "\u8d64",
      "utf-8" : "EE98BE"
    },
    "2" : {
      "number" : "2",
      "sjis" : "F8A0",
      "sjis-10" : "63648",
      "unicode" : "E63F",
      "title" : "\u66c7\u308a",
      "color" : "\u9752",
      "utf-8" : "EE98BF"
    },
    "3" : {
      "number" : "3",
      "sjis" : "F8A1",
      "sjis-10" : "63649",
      "unicode" : "E640",
      "title" : "\u96e8",
      "color" : "\u9752",
      "utf-8" : "EE9980"
    },
    "4" : {
      "number" : "4",
      "sjis" : "F8A2",
      "sjis-10" : "63650",
      "unicode" : "E641",
      "title" : "\u96ea",
      "color" : "\u9752",
      "utf-8" : "EE9981"
    },
    "5" : {
      "number" : "5",
      "sjis" : "F8A3",
      "sjis-10" : "63651",
      "unicode" : "E642",
      "title" : "\u96f7",
      "color" : "\u30aa\u30ec\u30f3\u30b8",
      "utf-8" : "EE9982"
    },
    "6" : {
      "number" : "6",
      "sjis" : "F8A4",
      "sjis-10" : "63652",
      "unicode" : "E643",
      "title" : "\u53f0\u98a8",
      "color" : "\u8d64",
      "utf-8" : "EE9983"
    },
    "7" : {
      "number" : "7",
      "sjis" : "F8A5",
      "sjis-10" : "63653",
      "unicode" : "E644",
      "title" : "\u9727",
      "color" : "\u9752",
      "utf-8" : "EE9984"
    },
    "8" : {
      "number" : "8",
      "sjis" : "F8A6",
      "sjis-10" : "63654",
      "unicode" : "E645",
      "title" : "\u5c0f\u96e8",
      "color" : "\u9752",
      "utf-8" : "EE9985"
    },
    "9" : {
      "number" : "9",
      "sjis" : "F8A7",
      "sjis-10" : "63655",
      "unicode" : "E646",
      "title" : "\u7261\u7f8a\u5ea7",
      "color" : "\u8d64",
      "utf-8" : "EE9986"
    },
    "10" : {
      "number" : "10",
      "sjis" : "F8A8",
      "sjis-10" : "63656",
      "unicode" : "E647",
      "title" : "\u7261\u725b\u5ea7",
      "color" : "\u30aa\u30ec\u30f3\u30b8",
      "utf-8" : "EE9987"
    },
    "11" : {
      "number" : "11",
      "sjis" : "F8A9",
      "sjis-10" : "63657",
      "unicode" : "E648",
      "title" : "\u53cc\u5b50\u5ea7",
      "color" : "\u7dd1",
      "utf-8" : "EE9988"
    },
    "12" : {
      "number" : "12",
      "sjis" : "F8AA",
      "sjis-10" : "63658",
      "unicode" : "E649",
      "title" : "\u87f9\u5ea7",
      "color" : "\u9752",
      "utf-8" : "EE9989"
    },
    "13" : {
      "number" : "13",
      "sjis" : "F8AB",
      "sjis-10" : "63659",
      "unicode" : "E64A",
      "title" : "\u7345\u5b50\u5ea7",
      "color" : "\u8d64",
      "utf-8" : "EE998A"
    },
    "14" : {
      "number" : "14",
      "sjis" : "F8AC",
      "sjis-10" : "63660",
      "unicode" : "E64B",
      "title" : "\u4e59\u5973\u5ea7",
      "color" : "\u30aa\u30ec\u30f3\u30b8",
      "utf-8" : "EE998B"
    },
    "15" : {
      "number" : "15",
      "sjis" : "F8AD",
      "sjis-10" : "63661",
      "unicode" : "E64C",
      "title" : "\u5929\u79e4\u5ea7",
      "color" : "\u7dd1",
      "utf-8" : "EE998C"
    },
    "16" : {
      "number" : "16",
      "sjis" : "F8AE",
      "sjis-10" : "63662",
      "unicode" : "E64D",
      "title" : "\u880d\u5ea7",
      "color" : "\u9752",
      "utf-8" : "EE998D"
    },
    "17" : {
      "number" : "17",
      "sjis" : "F8AF",
      "sjis-10" : "63663",
      "unicode" : "E64E",
      "title" : "\u5c04\u624b\u5ea7",
      "color" : "\u8d64",
      "utf-8" : "EE998E"
    },
    "18" : {
      "number" : "18",
      "sjis" : "F8B0",
      "sjis-10" : "63664",
      "unicode" : "E64F",
      "title" : "\u5c71\u7f8a\u5ea7",
      "color" : "\u30aa\u30ec\u30f3\u30b8",
      "utf-8" : "EE998F"
    },
    "19" : {
      "number" : "19",
      "sjis" : "F8B1",
      "sjis-10" : "63665",
      "unicode" : "E650",
      "title" : "\u6c34\u74f6\u5ea7",
      "color" : "\u7dd1",
      "utf-8" : "EE9990"
    },
    "20" : {
      "number" : "20",
      "sjis" : "F8B2",
      "sjis-10" : "63666",
      "unicode" : "E651",
      "title" : "\u9b5a\u5ea7",
      "color" : "\u9752",
      "utf-8" : "EE9991"
    },
    "21" : {
      "number" : "21",
      "sjis" : "F8B3",
      "sjis-10" : "63667",
      "unicode" : "E652",
      "title" : "\u30b9\u30dd\u30fc\u30c4",
      "color" : "\u7d2b",
      "utf-8" : "EE9992"
    },
    "22" : {
      "number" : "22",
      "sjis" : "F8B4",
      "sjis-10" : "63668",
      "unicode" : "E653",
      "title" : "\u91ce\u7403",
      "color" : "\u9ed2",
      "utf-8" : "EE9993"
    },
    "23" : {
      "number" : "23",
      "sjis" : "F8B5",
      "sjis-10" : "63669",
      "unicode" : "E654",
      "title" : "\u30b4\u30eb\u30d5",
      "color" : "\u9752",
      "utf-8" : "EE9994"
    },
    "24" : {
      "number" : "24",
      "sjis" : "F8B6",
      "sjis-10" : "63670",
      "unicode" : "E655",
      "title" : "\u30c6\u30cb\u30b9",
      "color" : "\u7dd1",
      "utf-8" : "EE9995"
    },
    "25" : {
      "number" : "25",
      "sjis" : "F8B7",
      "sjis-10" : "63671",
      "unicode" : "E656",
      "title" : "\u30b5\u30c3\u30ab\u30fc",
      "color" : "\u9ed2",
      "utf-8" : "EE9996"
    },
    "26" : {
      "number" : "26",
      "sjis" : "F8B8",
      "sjis-10" : "63672",
      "unicode" : "E657",
      "title" : "\u30b9\u30ad\u30fc",
      "color" : "\u9752",
      "utf-8" : "EE9997"
    },
    "27" : {
      "number" : "27",
      "sjis" : "F8B9",
      "sjis-10" : "63673",
      "unicode" : "E658",
      "title" : "\u30d0\u30b9\u30b1\u30c3\u30c8\u30dc\u30fc\u30eb",
      "color" : "\u30aa\u30ec\u30f3\u30b8",
      "utf-8" : "EE9998"
    },
    "28" : {
      "number" : "28",
      "sjis" : "F8BA",
      "sjis-10" : "63674",
      "unicode" : "E659",
      "title" : "\u30e2\u30fc\u30bf\u30fc\u30b9\u30dd\u30fc\u30c4",
      "color" : "\u9ed2",
      "utf-8" : "EE9999"
    },
    "29" : {
      "number" : "29",
      "sjis" : "F8BB",
      "sjis-10" : "63675",
      "unicode" : "E65A",
      "title" : "\u30dd\u30b1\u30c3\u30c8\u30d9\u30eb",
      "color" : "\u7d2b",
      "utf-8" : "EE999A"
    },
    "30" : {
      "number" : "30",
      "sjis" : "F8BC",
      "sjis-10" : "63676",
      "unicode" : "E65B",
      "title" : "\u96fb\u8eca",
      "color" : "\u7dd1",
      "utf-8" : "EE999B"
    },
    "31" : {
      "number" : "31",
      "sjis" : "F8BD",
      "sjis-10" : "63677",
      "unicode" : "E65C",
      "title" : "\u5730\u4e0b\u9244",
      "color" : "\u30aa\u30ec\u30f3\u30b8",
      "utf-8" : "EE999C"
    },
    "32" : {
      "number" : "32",
      "sjis" : "F8BE",
      "sjis-10" : "63678",
      "unicode" : "E65D",
      "title" : "\u65b0\u5e79\u7dda",
      "color" : "\u9752",
      "utf-8" : "EE999D"
    },
    "33" : {
      "number" : "33",
      "sjis" : "F8BF",
      "sjis-10" : "63679",
      "unicode" : "E65E",
      "title" : "\u8eca\uff08\u30bb\u30c0\u30f3\uff09",
      "color" : "\u9ed2",
      "utf-8" : "EE999E"
    },
    "34" : {
      "number" : "34",
      "sjis" : "F8C0",
      "sjis-10" : "63680",
      "unicode" : "E65F",
      "title" : "\u8eca\uff08\uff32\uff36\uff09",
      "color" : "\u7dd1",
      "utf-8" : "EE999F"
    },
    "35" : {
      "number" : "35",
      "sjis" : "F8C1",
      "sjis-10" : "63681",
      "unicode" : "E660",
      "title" : "\u30d0\u30b9",
      "color" : "\u8d64",
      "utf-8" : "EE99A0"
    },
    "36" : {
      "number" : "36",
      "sjis" : "F8C2",
      "sjis-10" : "63682",
      "unicode" : "E661",
      "title" : "\u8239",
      "color" : "\u9752",
      "utf-8" : "EE99A1"
    },
    "37" : {
      "number" : "37",
      "sjis" : "F8C3",
      "sjis-10" : "63683",
      "unicode" : "E662",
      "title" : "\u98db\u884c\u6a5f",
      "color" : "\u9752",
      "utf-8" : "EE99A2"
    },
    "38" : {
      "number" : "38",
      "sjis" : "F8C4",
      "sjis-10" : "63684",
      "unicode" : "E663",
      "title" : "\u5bb6",
      "color" : "\u8d64",
      "utf-8" : "EE99A3"
    },
    "39" : {
      "number" : "39",
      "sjis" : "F8C5",
      "sjis-10" : "63685",
      "unicode" : "E664",
      "title" : "\u30d3\u30eb",
      "color" : "\u9752",
      "utf-8" : "EE99A4"
    },
    "40" : {
      "number" : "40",
      "sjis" : "F8C6",
      "sjis-10" : "63686",
      "unicode" : "E665",
      "title" : "\u90f5\u4fbf\u5c40",
      "color" : "\u8d64",
      "utf-8" : "EE99A5"
    },
    "41" : {
      "number" : "41",
      "sjis" : "F8C7",
      "sjis-10" : "63687",
      "unicode" : "E666",
      "title" : "\u75c5\u9662",
      "color" : "\u8d64\uff0f\u9ed2",
      "utf-8" : "EE99A6"
    },
    "42" : {
      "number" : "42",
      "sjis" : "F8C8",
      "sjis-10" : "63688",
      "unicode" : "E667",
      "title" : "\u9280\u884c",
      "color" : "\u7d2b",
      "utf-8" : "EE99A7"
    },
    "43" : {
      "number" : "43",
      "sjis" : "F8C9",
      "sjis-10" : "63689",
      "unicode" : "E668",
      "title" : "\uff21\uff34\uff2d",
      "color" : "\u8d64",
      "utf-8" : "EE99A8"
    },
    "44" : {
      "number" : "44",
      "sjis" : "F8CA",
      "sjis-10" : "63690",
      "unicode" : "E669",
      "title" : "\u30db\u30c6\u30eb",
      "color" : "\u7dd1",
      "utf-8" : "EE99A9"
    },
    "45" : {
      "number" : "45",
      "sjis" : "F8CB",
      "sjis-10" : "63691",
      "unicode" : "E66A",
      "title" : "\u30b3\u30f3\u30d3\u30cb",
      "color" : "\u9752",
      "utf-8" : "EE99AA"
    },
    "46" : {
      "number" : "46",
      "sjis" : "F8CC",
      "sjis-10" : "63692",
      "unicode" : "E66B",
      "title" : "\u30ac\u30bd\u30ea\u30f3\u30b9\u30bf\u30f3\u30c9",
      "color" : "\u7d2b",
      "utf-8" : "EE99AB"
    },
    "47" : {
      "number" : "47",
      "sjis" : "F8CD",
      "sjis-10" : "63693",
      "unicode" : "E66C",
      "title" : "\u99d0\u8eca\u5834",
      "color" : "\u9752",
      "utf-8" : "EE99AC"
    },
    "48" : {
      "number" : "48",
      "sjis" : "F8CE",
      "sjis-10" : "63694",
      "unicode" : "E66D",
      "title" : "\u4fe1\u53f7",
      "color" : "\u9ed2",
      "utf-8" : "EE99AD"
    },
    "49" : {
      "number" : "49",
      "sjis" : "F8CF",
      "sjis-10" : "63695",
      "unicode" : "E66E",
      "title" : "\u30c8\u30a4\u30ec",
      "color" : "\u9ed2",
      "utf-8" : "EE99AE"
    },
    "50" : {
      "number" : "50",
      "sjis" : "F8D0",
      "sjis-10" : "63696",
      "unicode" : "E66F",
      "title" : "\u30ec\u30b9\u30c8\u30e9\u30f3",
      "color" : "\u9ed2",
      "utf-8" : "EE99AF"
    },
    "51" : {
      "number" : "51",
      "sjis" : "F8D1",
      "sjis-10" : "63697",
      "unicode" : "E670",
      "title" : "\u55ab\u8336\u5e97",
      "color" : "\u7dd1",
      "utf-8" : "EE99B0"
    },
    "52" : {
      "number" : "52",
      "sjis" : "F8D2",
      "sjis-10" : "63698",
      "unicode" : "E671",
      "title" : "\u30d0\u30fc",
      "color" : "\u7d2b",
      "utf-8" : "EE99B1"
    },
    "53" : {
      "number" : "53",
      "sjis" : "F8D3",
      "sjis-10" : "63699",
      "unicode" : "E672",
      "title" : "\u30d3\u30fc\u30eb",
      "color" : "\u30aa\u30ec\u30f3\u30b8",
      "utf-8" : "EE99B2"
    },
    "54" : {
      "number" : "54",
      "sjis" : "F8D4",
      "sjis-10" : "63700",
      "unicode" : "E673",
      "title" : "\u30d5\u30a1\u30fc\u30b9\u30c8\u30d5\u30fc\u30c9",
      "color" : "\u30aa\u30ec\u30f3\u30b8",
      "utf-8" : "EE99B3"
    },
    "55" : {
      "number" : "55",
      "sjis" : "F8D5",
      "sjis-10" : "63701",
      "unicode" : "E674",
      "title" : "\u30d6\u30c6\u30a3\u30c3\u30af",
      "color" : "\u8d64",
      "utf-8" : "EE99B4"
    },
    "56" : {
      "number" : "56",
      "sjis" : "F8D6",
      "sjis-10" : "63702",
      "unicode" : "E675",
      "title" : "\u7f8e\u5bb9\u9662",
      "color" : "\u9752",
      "utf-8" : "EE99B5"
    },
    "57" : {
      "number" : "57",
      "sjis" : "F8D7",
      "sjis-10" : "63703",
      "unicode" : "E676",
      "title" : "\u30ab\u30e9\u30aa\u30b1",
      "color" : "\u9ed2",
      "utf-8" : "EE99B6"
    },
    "58" : {
      "number" : "58",
      "sjis" : "F8D8",
      "sjis-10" : "63704",
      "unicode" : "E677",
      "title" : "\u6620\u753b",
      "color" : "\u9ed2",
      "utf-8" : "EE99B7"
    },
    "59" : {
      "number" : "59",
      "sjis" : "F8D9",
      "sjis-10" : "63705",
      "unicode" : "E678",
      "title" : "\u53f3\u659c\u3081\u4e0a",
      "color" : "\u9ed2",
      "utf-8" : "EE99B8"
    },
    "60" : {
      "number" : "60",
      "sjis" : "F8DA",
      "sjis-10" : "63706",
      "unicode" : "E679",
      "title" : "\u904a\u5712\u5730",
      "color" : "\u30aa\u30ec\u30f3\u30b8",
      "utf-8" : "EE99B9"
    },
    "61" : {
      "number" : "61",
      "sjis" : "F8DB",
      "sjis-10" : "63707",
      "unicode" : "E67A",
      "title" : "\u97f3\u697d",
      "color" : "\u9752",
      "utf-8" : "EE99BA"
    },
    "62" : {
      "number" : "62",
      "sjis" : "F8DC",
      "sjis-10" : "63708",
      "unicode" : "E67B",
      "title" : "\u30a2\u30fc\u30c8",
      "color" : "\u7d2b",
      "utf-8" : "EE99BB"
    },
    "63" : {
      "number" : "63",
      "sjis" : "F8DD",
      "sjis-10" : "63709",
      "unicode" : "E67C",
      "title" : "\u6f14\u5287",
      "color" : "\u9ed2",
      "utf-8" : "EE99BC"
    },
    "64" : {
      "number" : "64",
      "sjis" : "F8DE",
      "sjis-10" : "63710",
      "unicode" : "E67D",
      "title" : "\u30a4\u30d9\u30f3\u30c8",
      "color" : "\u8d64",
      "utf-8" : "EE99BD"
    },
    "65" : {
      "number" : "65",
      "sjis" : "F8DF",
      "sjis-10" : "63711",
      "unicode" : "E67E",
      "title" : "\u30c1\u30b1\u30c3\u30c8",
      "color" : "\u30aa\u30ec\u30f3\u30b8",
      "utf-8" : "EE99BE"
    },
    "66" : {
      "number" : "66",
      "sjis" : "F8E0",
      "sjis-10" : "63712",
      "unicode" : "E67F",
      "title" : "\u55ab\u7159",
      "color" : "\u9ed2",
      "utf-8" : "EE99BF"
    },
    "67" : {
      "number" : "67",
      "sjis" : "F8E1",
      "sjis-10" : "63713",
      "unicode" : "E680",
      "title" : "\u7981\u7159",
      "color" : "\u8d64",
      "utf-8" : "EE9A80"
    },
    "68" : {
      "number" : "68",
      "sjis" : "F8E2",
      "sjis-10" : "63714",
      "unicode" : "E681",
      "title" : "\u30ab\u30e1\u30e9",
      "color" : "\u9ed2",
      "utf-8" : "EE9A81"
    },
    "69" : {
      "number" : "69",
      "sjis" : "F8E3",
      "sjis-10" : "63715",
      "unicode" : "E682",
      "title" : "\u30ab\u30d0\u30f3",
      "color" : "\u8d64",
      "utf-8" : "EE9A82"
    },
    "70" : {
      "number" : "70",
      "sjis" : "F8E4",
      "sjis-10" : "63716",
      "unicode" : "E683",
      "title" : "\u672c",
      "color" : "\u30aa\u30ec\u30f3\u30b8",
      "utf-8" : "EE9A83"
    },
    "71" : {
      "number" : "71",
      "sjis" : "F8E5",
      "sjis-10" : "63717",
      "unicode" : "E684",
      "title" : "\u30ea\u30dc\u30f3",
      "color" : "\u8d64",
      "utf-8" : "EE9A84"
    },
    "72" : {
      "number" : "72",
      "sjis" : "F8E6",
      "sjis-10" : "63718",
      "unicode" : "E685",
      "title" : "\u30d7\u30ec\u30bc\u30f3\u30c8",
      "color" : "\u8d64",
      "utf-8" : "EE9A85"
    },
    "73" : {
      "number" : "73",
      "sjis" : "F8E7",
      "sjis-10" : "63719",
      "unicode" : "E686",
      "title" : "\u30d0\u30fc\u30b9\u30c7\u30fc",
      "color" : "\u8d64",
      "utf-8" : "EE9A86"
    },
    "74" : {
      "number" : "74",
      "sjis" : "F8E8",
      "sjis-10" : "63720",
      "unicode" : "E687",
      "title" : "\u96fb\u8a71",
      "color" : "\u9ed2",
      "utf-8" : "EE9A87"
    },
    "75" : {
      "number" : "75",
      "sjis" : "F8E9",
      "sjis-10" : "63721",
      "unicode" : "E688",
      "title" : "\u643a\u5e2f\u96fb\u8a71",
      "color" : "\u9ed2",
      "utf-8" : "EE9A88"
    },
    "76" : {
      "number" : "76",
      "sjis" : "F8EA",
      "sjis-10" : "63722",
      "unicode" : "E689",
      "title" : "\u30e1\u30e2",
      "color" : "\u30aa\u30ec\u30f3\u30b8",
      "utf-8" : "EE9A89"
    },
    "77" : {
      "number" : "77",
      "sjis" : "F8EB",
      "sjis-10" : "63723",
      "unicode" : "E68A",
      "title" : "\uff34\uff36",
      "color" : "\u9752",
      "utf-8" : "EE9A8A"
    },
    "78" : {
      "number" : "78",
      "sjis" : "F8EC",
      "sjis-10" : "63724",
      "unicode" : "E68B",
      "title" : "\u30b2\u30fc\u30e0",
      "color" : "\u9ed2",
      "utf-8" : "EE9A8B"
    },
    "79" : {
      "number" : "79",
      "sjis" : "F8ED",
      "sjis-10" : "63725",
      "unicode" : "E68C",
      "title" : "\uff23\uff24",
      "color" : "\u9752",
      "utf-8" : "EE9A8C"
    },
    "80" : {
      "number" : "80",
      "sjis" : "F8EE",
      "sjis-10" : "63726",
      "unicode" : "E68D",
      "title" : "\u30cf\u30fc\u30c8",
      "color" : "\u8d64",
      "utf-8" : "EE9A8D"
    },
    "81" : {
      "number" : "81",
      "sjis" : "F8EF",
      "sjis-10" : "63727",
      "unicode" : "E68E",
      "title" : "\u30b9\u30da\u30fc\u30c9",
      "color" : "\u9ed2",
      "utf-8" : "EE9A8E"
    },
    "82" : {
      "number" : "82",
      "sjis" : "F8F0",
      "sjis-10" : "63728",
      "unicode" : "E68F",
      "title" : "\u30c0\u30a4\u30e4",
      "color" : "\u8d64",
      "utf-8" : "EE9A8F"
    },
    "83" : {
      "number" : "83",
      "sjis" : "F8F1",
      "sjis-10" : "63729",
      "unicode" : "E690",
      "title" : "\u30af\u30e9\u30d6",
      "color" : "\u9ed2",
      "utf-8" : "EE9A90"
    },
    "84" : {
      "number" : "84",
      "sjis" : "F8F2",
      "sjis-10" : "63730",
      "unicode" : "E691",
      "title" : "\u76ee",
      "color" : "\u9ed2",
      "utf-8" : "EE9A91"
    },
    "85" : {
      "number" : "85",
      "sjis" : "F8F3",
      "sjis-10" : "63731",
      "unicode" : "E692",
      "title" : "\u8033",
      "color" : "\u30aa\u30ec\u30f3\u30b8",
      "utf-8" : "EE9A92"
    },
    "86" : {
      "number" : "86",
      "sjis" : "F8F4",
      "sjis-10" : "63732",
      "unicode" : "E693",
      "title" : "\u624b\uff08\u30b0\u30fc\uff09",
      "color" : "\u30aa\u30ec\u30f3\u30b8",
      "utf-8" : "EE9A93"
    },
    "87" : {
      "number" : "87",
      "sjis" : "F8F5",
      "sjis-10" : "63733",
      "unicode" : "E694",
      "title" : "\u624b\uff08\u30c1\u30e7\u30ad\uff09",
      "color" : "\u30aa\u30ec\u30f3\u30b8",
      "utf-8" : "EE9A94"
    },
    "88" : {
      "number" : "88",
      "sjis" : "F8F6",
      "sjis-10" : "63734",
      "unicode" : "E695",
      "title" : "\u624b\uff08\u30d1\u30fc\uff09",
      "color" : "\u30aa\u30ec\u30f3\u30b8",
      "utf-8" : "EE9A95"
    },
    "89" : {
      "number" : "89",
      "sjis" : "F8F7",
      "sjis-10" : "63735",
      "unicode" : "E696",
      "title" : "\u53f3\u659c\u3081\u4e0b",
      "color" : "\u9ed2",
      "utf-8" : "EE9A96"
    },
    "90" : {
      "number" : "90",
      "sjis" : "F8F8",
      "sjis-10" : "63736",
      "unicode" : "E697",
      "title" : "\u5de6\u659c\u3081\u4e0a",
      "color" : "\u9ed2",
      "utf-8" : "EE9A97"
    },
    "91" : {
      "number" : "91",
      "sjis" : "F8F9",
      "sjis-10" : "63737",
      "unicode" : "E698",
      "title" : "\u8db3",
      "color" : "\u30aa\u30ec\u30f3\u30b8",
      "utf-8" : "EE9A98"
    },
    "92" : {
      "number" : "92",
      "sjis" : "F8FA",
      "sjis-10" : "63738",
      "unicode" : "E699",
      "title" : "\u304f\u3064",
      "color" : "\u9ed2",
      "utf-8" : "EE9A99"
    },
    "93" : {
      "number" : "93",
      "sjis" : "F8FB",
      "sjis-10" : "63739",
      "unicode" : "E69A",
      "title" : "\u773c\u93e1",
      "color" : "\u9ed2",
      "utf-8" : "EE9A9A"
    },
    "94" : {
      "number" : "94",
      "sjis" : "F8FC",
      "sjis-10" : "63740",
      "unicode" : "E69B",
      "title" : "\u8eca\u6905\u5b50",
      "color" : "\u9752",
      "utf-8" : "EE9A9B"
    },
    "95" : {
      "number" : "95",
      "sjis" : "F940",
      "sjis-10" : "63808",
      "unicode" : "E69C",
      "title" : "\u65b0\u6708",
      "color" : "\u9ed2",
      "utf-8" : "EE9A9C"
    },
    "96" : {
      "number" : "96",
      "sjis" : "F941",
      "sjis-10" : "63809",
      "unicode" : "E69D",
      "title" : "\u3084\u3084\u6b20\u3051\u6708",
      "color" : "\u9ed2",
      "utf-8" : "EE9A9D"
    },
    "97" : {
      "number" : "97",
      "sjis" : "F942",
      "sjis-10" : "63810",
      "unicode" : "E69E",
      "title" : "\u534a\u6708",
      "color" : "\u9ed2",
      "utf-8" : "EE9A9E"
    },
    "98" : {
      "number" : "98",
      "sjis" : "F943",
      "sjis-10" : "63811",
      "unicode" : "E69F",
      "title" : "\u4e09\u65e5\u6708",
      "color" : "\u9ed2",
      "utf-8" : "EE9A9F"
    },
    "99" : {
      "number" : "99",
      "sjis" : "F944",
      "sjis-10" : "63812",
      "unicode" : "E6A0",
      "title" : "\u6e80\u6708",
      "color" : "\u9ed2",
      "utf-8" : "EE9AA0"
    },
    "100" : {
      "number" : "100",
      "sjis" : "F945",
      "sjis-10" : "63813",
      "unicode" : "E6A1",
      "title" : "\u72ac",
      "color" : "\u30aa\u30ec\u30f3\u30b8",
      "utf-8" : "EE9AA1"
    },
    "101" : {
      "number" : "101",
      "sjis" : "F946",
      "sjis-10" : "63814",
      "unicode" : "E6A2",
      "title" : "\u732b",
      "color" : "\u30aa\u30ec\u30f3\u30b8",
      "utf-8" : "EE9AA2"
    },
    "102" : {
      "number" : "102",
      "sjis" : "F947",
      "sjis-10" : "63815",
      "unicode" : "E6A3",
      "title" : "\u30ea\u30be\u30fc\u30c8",
      "color" : "\u9752",
      "utf-8" : "EE9AA3"
    },
    "103" : {
      "number" : "103",
      "sjis" : "F948",
      "sjis-10" : "63816",
      "unicode" : "E6A4",
      "title" : "\u30af\u30ea\u30b9\u30de\u30b9",
      "color" : "\u7dd1",
      "utf-8" : "EE9AA4"
    },
    "104" : {
      "number" : "104",
      "sjis" : "F949",
      "sjis-10" : "63817",
      "unicode" : "E6A5",
      "title" : "\u5de6\u659c\u3081\u4e0b",
      "color" : "\u9ed2",
      "utf-8" : "EE9AA5"
    },
    "105" : {
      "number" : "105",
      "sjis" : "F972",
      "sjis-10" : "63858",
      "unicode" : "E6CE",
      "title" : "phone to",
      "color" : "\u9ed2",
      "utf-8" : "EE9B8E"
    },
    "106" : {
      "number" : "106",
      "sjis" : "F973",
      "sjis-10" : "63859",
      "unicode" : "E6CF",
      "title" : "mail to",
      "color" : "\u9ed2",
      "utf-8" : "EE9B8F"
    },
    "107" : {
      "number" : "107",
      "sjis" : "F974",
      "sjis-10" : "63860",
      "unicode" : "E6D0",
      "title" : "fax to",
      "color" : "\u9ed2",
      "utf-8" : "EE9B90"
    },
    "108" : {
      "number" : "108",
      "sjis" : "F975",
      "sjis-10" : "63861",
      "unicode" : "E6D1",
      "title" : "i\u30e2\u30fc\u30c9",
      "color" : "\u30aa\u30ec\u30f3\u30b8",
      "utf-8" : "EE9B91"
    },
    "109" : {
      "number" : "109",
      "sjis" : "F976",
      "sjis-10" : "63862",
      "unicode" : "E6D2",
      "title" : "i\u30e2\u30fc\u30c9\uff08\u67a0\u4ed8\u304d\uff09",
      "color" : "\u30aa\u30ec\u30f3\u30b8",
      "utf-8" : "EE9B92"
    },
    "110" : {
      "number" : "110",
      "sjis" : "F977",
      "sjis-10" : "63863",
      "unicode" : "E6D3",
      "title" : "\u30e1\u30fc\u30eb",
      "color" : "\u9ed2",
      "utf-8" : "EE9B93"
    },
    "111" : {
      "number" : "111",
      "sjis" : "F978",
      "sjis-10" : "63864",
      "unicode" : "E6D4",
      "title" : "\u30c9\u30b3\u30e2\u63d0\u4f9b",
      "color" : "\u9ed2",
      "utf-8" : "EE9B94"
    },
    "112" : {
      "number" : "112",
      "sjis" : "F979",
      "sjis-10" : "63865",
      "unicode" : "E6D5",
      "title" : "\u30c9\u30b3\u30e2\u30dd\u30a4\u30f3\u30c8",
      "color" : "\u9ed2",
      "utf-8" : "EE9B95"
    },
    "113" : {
      "number" : "113",
      "sjis" : "F97A",
      "sjis-10" : "63866",
      "unicode" : "E6D6",
      "title" : "\u6709\u6599",
      "color" : "\u8d64",
      "utf-8" : "EE9B96"
    },
    "114" : {
      "number" : "114",
      "sjis" : "F97B",
      "sjis-10" : "63867",
      "unicode" : "E6D7",
      "title" : "\u7121\u6599",
      "color" : "\u8d64",
      "utf-8" : "EE9B97"
    },
    "115" : {
      "number" : "115",
      "sjis" : "F97C",
      "sjis-10" : "63868",
      "unicode" : "E6D8",
      "title" : "ID",
      "color" : "\u8d64",
      "utf-8" : "EE9B98"
    },
    "116" : {
      "number" : "116",
      "sjis" : "F97D",
      "sjis-10" : "63869",
      "unicode" : "E6D9",
      "title" : "\u30d1\u30b9\u30ef\u30fc\u30c9",
      "color" : "\u8d64",
      "utf-8" : "EE9B99"
    },
    "117" : {
      "number" : "117",
      "sjis" : "F97E",
      "sjis-10" : "63870",
      "unicode" : "E6DA",
      "title" : "\u6b21\u9805\u6709",
      "color" : "\u8d64",
      "utf-8" : "EE9B9A"
    },
    "118" : {
      "number" : "118",
      "sjis" : "F980",
      "sjis-10" : "63872",
      "unicode" : "E6DB",
      "title" : "\u30af\u30ea\u30a2",
      "color" : "\u8d64",
      "utf-8" : "EE9B9B"
    },
    "119" : {
      "number" : "119",
      "sjis" : "F981",
      "sjis-10" : "63873",
      "unicode" : "E6DC",
      "title" : "\u30b5\u30fc\u30c1\uff08\u8abf\u3079\u308b\uff09",
      "color" : "\u9752",
      "utf-8" : "EE9B9C"
    },
    "120" : {
      "number" : "120",
      "sjis" : "F982",
      "sjis-10" : "63874",
      "unicode" : "E6DD",
      "title" : "\uff2e\uff25\uff37",
      "color" : "\u8d64",
      "utf-8" : "EE9B9D"
    },
    "121" : {
      "number" : "121",
      "sjis" : "F983",
      "sjis-10" : "63875",
      "unicode" : "E6DE",
      "title" : "\u4f4d\u7f6e\u60c5\u5831",
      "color" : "\u8d64",
      "utf-8" : "EE9B9E"
    },
    "122" : {
      "number" : "122",
      "sjis" : "F984",
      "sjis-10" : "63876",
      "unicode" : "E6DF",
      "title" : "\u30d5\u30ea\u30fc\u30c0\u30a4\u30e4\u30eb",
      "color" : "\u9ed2",
      "utf-8" : "EE9B9F"
    },
    "123" : {
      "number" : "123",
      "sjis" : "F985",
      "sjis-10" : "63877",
      "unicode" : "E6E0",
      "title" : "\u30b7\u30e3\u30fc\u30d7\u30c0\u30a4\u30e4\u30eb",
      "color" : "\u9ed2",
      "utf-8" : "EE9BA0"
    },
    "124" : {
      "number" : "124",
      "sjis" : "F986",
      "sjis-10" : "63878",
      "unicode" : "E6E1",
      "title" : "\u30e2\u30d0\uff31",
      "color" : "\u9ed2",
      "utf-8" : "EE9BA1"
    },
    "125" : {
      "number" : "125",
      "sjis" : "F987",
      "sjis-10" : "63879",
      "unicode" : "E6E2",
      "title" : "1",
      "color" : "\u9ed2",
      "utf-8" : "EE9BA2"
    },
    "126" : {
      "number" : "126",
      "sjis" : "F988",
      "sjis-10" : "63880",
      "unicode" : "E6E3",
      "title" : "2",
      "color" : "\u9ed2",
      "utf-8" : "EE9BA3"
    },
    "127" : {
      "number" : "127",
      "sjis" : "F989",
      "sjis-10" : "63881",
      "unicode" : "E6E4",
      "title" : "3",
      "color" : "\u9ed2",
      "utf-8" : "EE9BA4"
    },
    "128" : {
      "number" : "128",
      "sjis" : "F98A",
      "sjis-10" : "63882",
      "unicode" : "E6E5",
      "title" : "4",
      "color" : "\u9ed2",
      "utf-8" : "EE9BA5"
    },
    "129" : {
      "number" : "129",
      "sjis" : "F98B",
      "sjis-10" : "63883",
      "unicode" : "E6E6",
      "title" : "5",
      "color" : "\u9ed2",
      "utf-8" : "EE9BA6"
    },
    "130" : {
      "number" : "130",
      "sjis" : "F98C",
      "sjis-10" : "63884",
      "unicode" : "E6E7",
      "title" : "6",
      "color" : "\u9ed2",
      "utf-8" : "EE9BA7"
    },
    "131" : {
      "number" : "131",
      "sjis" : "F98D",
      "sjis-10" : "63885",
      "unicode" : "E6E8",
      "title" : "7",
      "color" : "\u9ed2",
      "utf-8" : "EE9BA8"
    },
    "132" : {
      "number" : "132",
      "sjis" : "F98E",
      "sjis-10" : "63886",
      "unicode" : "E6E9",
      "title" : "8",
      "color" : "\u9ed2",
      "utf-8" : "EE9BA9"
    },
    "133" : {
      "number" : "133",
      "sjis" : "F98F",
      "sjis-10" : "63887",
      "unicode" : "E6EA",
      "title" : "9",
      "color" : "\u9ed2",
      "utf-8" : "EE9BAA"
    },
    "134" : {
      "number" : "134",
      "sjis" : "F990",
      "sjis-10" : "63888",
      "unicode" : "E6EB",
      "title" : "0",
      "color" : "\u9ed2",
      "utf-8" : "EE9BAB"
    },
    "135" : {
      "number" : "135",
      "sjis" : "F9B0",
      "sjis-10" : "63920",
      "unicode" : "E70B",
      "title" : "\u6c7a\u5b9a",
      "color" : "\u8d64",
      "utf-8" : "EE9C8B"
    },
    "136" : {
      "number" : "136",
      "sjis" : "F991",
      "sjis-10" : "63889",
      "unicode" : "E6EC",
      "title" : "\u9ed2\u30cf\u30fc\u30c8",
      "color" : "\u8d64",
      "utf-8" : "EE9BAC"
    },
    "137" : {
      "number" : "137",
      "sjis" : "F992",
      "sjis-10" : "63890",
      "unicode" : "E6ED",
      "title" : "\u63fa\u308c\u308b\u30cf\u30fc\u30c8",
      "color" : "\u8d64",
      "utf-8" : "EE9BAD"
    },
    "138" : {
      "number" : "138",
      "sjis" : "F993",
      "sjis-10" : "63891",
      "unicode" : "E6EE",
      "title" : "\u5931\u604b",
      "color" : "\u8d64",
      "utf-8" : "EE9BAE"
    },
    "139" : {
      "number" : "139",
      "sjis" : "F994",
      "sjis-10" : "63892",
      "unicode" : "E6EF",
      "title" : "\u30cf\u30fc\u30c8\u305f\u3061\uff08\u8907\u6570\u30cf\u30fc\u30c8\uff09",
      "color" : "\u8d64",
      "utf-8" : "EE9BAF"
    },
    "140" : {
      "number" : "140",
      "sjis" : "F995",
      "sjis-10" : "63893",
      "unicode" : "E6F0",
      "title" : "\u308f\u30fc\u3044\uff08\u5b09\u3057\u3044\u9854\uff09",
      "color" : "\u7d2b",
      "utf-8" : "EE9BB0"
    },
    "141" : {
      "number" : "141",
      "sjis" : "F996",
      "sjis-10" : "63894",
      "unicode" : "E6F1",
      "title" : "\u3061\u3063\uff08\u6012\u3063\u305f\u9854\uff09",
      "color" : "\u8d64",
      "utf-8" : "EE9BB1"
    },
    "142" : {
      "number" : "142",
      "sjis" : "F997",
      "sjis-10" : "63895",
      "unicode" : "E6F2",
      "title" : "\u304c\u304f\uff5e\uff08\u843d\u80c6\u3057\u305f\u9854\uff09",
      "color" : "\u9752",
      "utf-8" : "EE9BB2"
    },
    "143" : {
      "number" : "143",
      "sjis" : "F998",
      "sjis-10" : "63896",
      "unicode" : "E6F3",
      "title" : "\u3082\u3046\u3084\u3060\uff5e\uff08\u60b2\u3057\u3044\u9854\uff09",
      "color" : "\u7dd1",
      "utf-8" : "EE9BB3"
    },
    "144" : {
      "number" : "144",
      "sjis" : "F999",
      "sjis-10" : "63897",
      "unicode" : "E6F4",
      "title" : "\u3075\u3089\u3075\u3089",
      "color" : "\u9752",
      "utf-8" : "EE9BB4"
    },
    "145" : {
      "number" : "145",
      "sjis" : "F99A",
      "sjis-10" : "63898",
      "unicode" : "E6F5",
      "title" : "\u30b0\u30c3\u30c9\uff08\u4e0a\u5411\u304d\u77e2\u5370\uff09",
      "color" : "\u8d64",
      "utf-8" : "EE9BB5"
    },
    "146" : {
      "number" : "146",
      "sjis" : "F99B",
      "sjis-10" : "63899",
      "unicode" : "E6F6",
      "title" : "\u308b\u3093\u308b\u3093",
      "color" : "\u8d64",
      "utf-8" : "EE9BB6"
    },
    "147" : {
      "number" : "147",
      "sjis" : "F99C",
      "sjis-10" : "63900",
      "unicode" : "E6F7",
      "title" : "\u3044\u3044\u6c17\u5206\uff08\u6e29\u6cc9\uff09",
      "color" : "\u8d64",
      "utf-8" : "EE9BB7"
    },
    "148" : {
      "number" : "148",
      "sjis" : "F99D",
      "sjis-10" : "63901",
      "unicode" : "E6F8",
      "title" : "\u304b\u308f\u3044\u3044",
      "color" : "\u7d2b",
      "utf-8" : "EE9BB8"
    },
    "149" : {
      "number" : "149",
      "sjis" : "F99E",
      "sjis-10" : "63902",
      "unicode" : "E6F9",
      "title" : "\u30ad\u30b9\u30de\u30fc\u30af",
      "color" : "\u8d64",
      "utf-8" : "EE9BB9"
    },
    "150" : {
      "number" : "150",
      "sjis" : "F99F",
      "sjis-10" : "63903",
      "unicode" : "E6FA",
      "title" : "\u3074\u304b\u3074\u304b\uff08\u65b0\u3057\u3044\uff09",
      "color" : "\u30aa\u30ec\u30f3\u30b8",
      "utf-8" : "EE9BBA"
    },
    "151" : {
      "number" : "151",
      "sjis" : "F9A0",
      "sjis-10" : "63904",
      "unicode" : "E6FB",
      "title" : "\u3072\u3089\u3081\u304d",
      "color" : "\u30aa\u30ec\u30f3\u30b8",
      "utf-8" : "EE9BBB"
    },
    "152" : {
      "number" : "152",
      "sjis" : "F9A1",
      "sjis-10" : "63905",
      "unicode" : "E6FC",
      "title" : "\u3080\u304b\u3063\uff08\u6012\u308a\uff09",
      "color" : "\u9ed2",
      "utf-8" : "EE9BBC"
    },
    "153" : {
      "number" : "153",
      "sjis" : "F9A2",
      "sjis-10" : "63906",
      "unicode" : "E6FD",
      "title" : "\u30d1\u30f3\u30c1",
      "color" : "\u8d64",
      "utf-8" : "EE9BBD"
    },
    "154" : {
      "number" : "154",
      "sjis" : "F9A3",
      "sjis-10" : "63907",
      "unicode" : "E6FE",
      "title" : "\u7206\u5f3e",
      "color" : "\u9ed2",
      "utf-8" : "EE9BBE"
    },
    "155" : {
      "number" : "155",
      "sjis" : "F9A4",
      "sjis-10" : "63908",
      "unicode" : "E6FF",
      "title" : "\u30e0\u30fc\u30c9",
      "color" : "\u8d64",
      "utf-8" : "EE9BBF"
    },
    "156" : {
      "number" : "156",
      "sjis" : "F9A5",
      "sjis-10" : "63909",
      "unicode" : "E700",
      "title" : "\u30d0\u30c3\u30c9\uff08\u4e0b\u5411\u304d\u77e2\u5370\uff09",
      "color" : "\u9752",
      "utf-8" : "EE9C80"
    },
    "157" : {
      "number" : "157",
      "sjis" : "F9A6",
      "sjis-10" : "63910",
      "unicode" : "E701",
      "title" : "\u7720\u3044(\u7761\u7720)",
      "color" : "\u9752",
      "utf-8" : "EE9C81"
    },
    "158" : {
      "number" : "158",
      "sjis" : "F9A7",
      "sjis-10" : "63911",
      "unicode" : "E702",
      "title" : "exclamation",
      "color" : "\u8d64",
      "utf-8" : "EE9C82"
    },
    "159" : {
      "number" : "159",
      "sjis" : "F9A8",
      "sjis-10" : "63912",
      "unicode" : "E703",
      "title" : "exclamation&amp;question",
      "color" : "\u7d2b",
      "utf-8" : "EE9C83"
    },
    "160" : {
      "number" : "160",
      "sjis" : "F9A9",
      "sjis-10" : "63913",
      "unicode" : "E704",
      "title" : "exclamation\u00d72",
      "color" : "\u8d64",
      "utf-8" : "EE9C84"
    },
    "161" : {
      "number" : "161",
      "sjis" : "F9AA",
      "sjis-10" : "63914",
      "unicode" : "E705",
      "title" : "\u3069\u3093\u3063\uff08\u885d\u6483\uff09",
      "color" : "\u8d64",
      "utf-8" : "EE9C85"
    },
    "162" : {
      "number" : "162",
      "sjis" : "F9AB",
      "sjis-10" : "63915",
      "unicode" : "E706",
      "title" : "\u3042\u305b\u3042\u305b\uff08\u98db\u3073\u6563\u308b\u6c57\uff09",
      "color" : "\u9ed2",
      "utf-8" : "EE9C86"
    },
    "163" : {
      "number" : "163",
      "sjis" : "F9AC",
      "sjis-10" : "63916",
      "unicode" : "E707",
      "title" : "\u305f\u3089\u30fc\u3063\uff08\u6c57\uff09",
      "color" : "\u9ed2",
      "utf-8" : "EE9C87"
    },
    "164" : {
      "number" : "164",
      "sjis" : "F9AD",
      "sjis-10" : "63917",
      "unicode" : "E708",
      "title" : "\u30c0\u30c3\u30b7\u30e5\uff08\u8d70\u308a\u51fa\u3059\u3055\u307e\uff09",
      "color" : "\u9ed2",
      "utf-8" : "EE9C88"
    },
    "165" : {
      "number" : "165",
      "sjis" : "F9AE",
      "sjis-10" : "63918",
      "unicode" : "E709",
      "title" : "\u30fc\uff08\u9577\u97f3\u8a18\u53f7\uff11\uff09",
      "color" : "\u9ed2",
      "utf-8" : "EE9C89"
    },
    "166" : {
      "number" : "166",
      "sjis" : "F9AF",
      "sjis-10" : "63919",
      "unicode" : "E70A",
      "title" : "\u30fc\uff08\u9577\u97f3\u8a18\u53f7\uff12\uff09",
      "color" : "\u9ed2",
      "utf-8" : "EE9C8A"
    },
    "167" : {
      "number" : "167",
      "sjis" : "F950",
      "sjis-10" : "63824",
      "unicode" : "E6AC",
      "title" : "\u30ab\u30c1\u30f3\u30b3",
      "color" : "\u9ed2",
      "utf-8" : "EE9AAC"
    },
    "168" : {
      "number" : "168",
      "sjis" : "F951",
      "sjis-10" : "63825",
      "unicode" : "E6AD",
      "title" : "\u3075\u304f\u308d",
      "color" : "\u9ed2",
      "utf-8" : "EE9AAD"
    },
    "169" : {
      "number" : "169",
      "sjis" : "F952",
      "sjis-10" : "63826",
      "unicode" : "E6AE",
      "title" : "\u30da\u30f3",
      "color" : "\u9ed2",
      "utf-8" : "EE9AAE"
    },
    "170" : {
      "number" : "170",
      "sjis" : "F955",
      "sjis-10" : "63829",
      "unicode" : "E6B1",
      "title" : "\u4eba\u5f71",
      "color" : "\u9ed2",
      "utf-8" : "EE9AB1"
    },
    "171" : {
      "number" : "171",
      "sjis" : "F956",
      "sjis-10" : "63830",
      "unicode" : "E6B2",
      "title" : "\u3044\u3059",
      "color" : "\u9ed2",
      "utf-8" : "EE9AB2"
    },
    "172" : {
      "number" : "172",
      "sjis" : "F957",
      "sjis-10" : "63831",
      "unicode" : "E6B3",
      "title" : "\u591c",
      "color" : "\u9ed2",
      "utf-8" : "EE9AB3"
    },
    "173" : {
      "number" : "173",
      "sjis" : "F95B",
      "sjis-10" : "63835",
      "unicode" : "E6B7",
      "title" : "soon",
      "color" : "\u9ed2",
      "utf-8" : "EE9AB7"
    },
    "174" : {
      "number" : "174",
      "sjis" : "F95C",
      "sjis-10" : "63836",
      "unicode" : "E6B8",
      "title" : "on",
      "color" : "\u9ed2",
      "utf-8" : "EE9AB8"
    },
    "175" : {
      "number" : "175",
      "sjis" : "F95D",
      "sjis-10" : "63837",
      "unicode" : "E6B9",
      "title" : "end",
      "color" : "\u9ed2",
      "utf-8" : "EE9AB9"
    },
    "176" : {
      "number" : "176",
      "sjis" : "F95E",
      "sjis-10" : "63838",
      "unicode" : "E6BA",
      "title" : "\u6642\u8a08",
      "color" : "\u9ed2",
      "utf-8" : "EE9ABA"
    },
    "1001" : {
      "number" : "1001",
      "sjis" : "F9B1",
      "sjis-10" : "",
      "unicode" : "E70C",
      "title" : "i\u30a2\u30d7\u30ea",
      "color" : "\u30aa\u30ec\u30f3\u30b8",
      "utf-8" : "EE9C8C"
    },
    "1002" : {
      "number" : "1002",
      "sjis" : "F9B2",
      "sjis-10" : "",
      "unicode" : "E70D",
      "title" : "i\u30a2\u30d7\u30ea\uff08\u67a0\u4ed8\u304d\uff09",
      "color" : "\u30aa\u30ec\u30f3\u30b8",
      "utf-8" : "EE9C8D"
    },
    "1003" : {
      "number" : "1003",
      "sjis" : "F9B3",
      "sjis-10" : "",
      "unicode" : "E70E",
      "title" : "T\u30b7\u30e3\u30c4\uff08\u30dc\u30fc\u30c0\u30fc\uff09",
      "color" : "\u9752",
      "utf-8" : "EE9C8E"
    },
    "1004" : {
      "number" : "1004",
      "sjis" : "F9B4",
      "sjis-10" : "",
      "unicode" : "E70F",
      "title" : "\u304c\u307e\u53e3\u8ca1\u5e03",
      "color" : "\u9ed2",
      "utf-8" : "EE9C8F"
    },
    "1005" : {
      "number" : "1005",
      "sjis" : "F9B5",
      "sjis-10" : "",
      "unicode" : "E710",
      "title" : "\u5316\u7ca7",
      "color" : "\u8d64",
      "utf-8" : "EE9C90"
    },
    "1006" : {
      "number" : "1006",
      "sjis" : "F9B6",
      "sjis-10" : "",
      "unicode" : "E711",
      "title" : "\u30b8\u30fc\u30f3\u30ba",
      "color" : "\u7d3a",
      "utf-8" : "EE9C91"
    },
    "1007" : {
      "number" : "1007",
      "sjis" : "F9B7",
      "sjis-10" : "",
      "unicode" : "E712",
      "title" : "\u30b9\u30ce\u30dc",
      "color" : "\u9752",
      "utf-8" : "EE9C92"
    },
    "1008" : {
      "number" : "1008",
      "sjis" : "F9B8",
      "sjis-10" : "",
      "unicode" : "E713",
      "title" : "\u30c1\u30e3\u30da\u30eb",
      "color" : "\u30aa\u30ec\u30f3\u30b8",
      "utf-8" : "EE9C93"
    },
    "1009" : {
      "number" : "1009",
      "sjis" : "F9B9",
      "sjis-10" : "",
      "unicode" : "E714",
      "title" : "\u30c9\u30a2",
      "color" : "\u8336\u8272",
      "utf-8" : "EE9C94"
    },
    "1010" : {
      "number" : "1010",
      "sjis" : "F9BA",
      "sjis-10" : "",
      "unicode" : "E715",
      "title" : "\u30c9\u30eb\u888b",
      "color" : "\u8336\u8272",
      "utf-8" : "EE9C95"
    },
    "1011" : {
      "number" : "1011",
      "sjis" : "F9BB",
      "sjis-10" : "",
      "unicode" : "E716",
      "title" : "\u30d1\u30bd\u30b3\u30f3",
      "color" : "\u9ed2",
      "utf-8" : "EE9C96"
    },
    "1012" : {
      "number" : "1012",
      "sjis" : "F9BC",
      "sjis-10" : "",
      "unicode" : "E717",
      "title" : "\u30e9\u30d6\u30ec\u30bf\u30fc",
      "color" : "\u8d64",
      "utf-8" : "EE9C97"
    },
    "1013" : {
      "number" : "1013",
      "sjis" : "F9BD",
      "sjis-10" : "",
      "unicode" : "E718",
      "title" : "\u30ec\u30f3\u30c1",
      "color" : "\u9ed2",
      "utf-8" : "EE9C98"
    },
    "1014" : {
      "number" : "1014",
      "sjis" : "F9BE",
      "sjis-10" : "",
      "unicode" : "E719",
      "title" : "\u925b\u7b46",
      "color" : "\u7dd1",
      "utf-8" : "EE9C99"
    },
    "1015" : {
      "number" : "1015",
      "sjis" : "F9BF",
      "sjis-10" : "",
      "unicode" : "E71A",
      "title" : "\u738b\u51a0",
      "color" : "\u30aa\u30ec\u30f3\u30b8",
      "utf-8" : "EE9C9A"
    },
    "1016" : {
      "number" : "1016",
      "sjis" : "F9C0",
      "sjis-10" : "",
      "unicode" : "E71B",
      "title" : "\u6307\u8f2a",
      "color" : "\u7d2b",
      "utf-8" : "EE9C9B"
    },
    "1017" : {
      "number" : "1017",
      "sjis" : "F9C1",
      "sjis-10" : "",
      "unicode" : "E71C",
      "title" : "\u7802\u6642\u8a08",
      "color" : "\u9ed2",
      "utf-8" : "EE9C9C"
    },
    "1018" : {
      "number" : "1018",
      "sjis" : "F9C2",
      "sjis-10" : "",
      "unicode" : "E71D",
      "title" : "\u81ea\u8ee2\u8eca",
      "color" : "\u9ed2",
      "utf-8" : "EE9C9D"
    },
    "1019" : {
      "number" : "1019",
      "sjis" : "F9C3",
      "sjis-10" : "",
      "unicode" : "E71E",
      "title" : "\u6e6f\u306e\u307f",
      "color" : "\u7dd1",
      "utf-8" : "EE9C9E"
    },
    "1020" : {
      "number" : "1020",
      "sjis" : "F9C4",
      "sjis-10" : "",
      "unicode" : "E71F",
      "title" : "\u8155\u6642\u8a08",
      "color" : "\u9ed2",
      "utf-8" : "EE9C9F"
    },
    "1021" : {
      "number" : "1021",
      "sjis" : "F9C5",
      "sjis-10" : "",
      "unicode" : "E720",
      "title" : "\u8003\u3048\u3066\u308b\u9854",
      "color" : "\u7dd1",
      "utf-8" : "EE9CA0"
    },
    "1022" : {
      "number" : "1022",
      "sjis" : "F9C6",
      "sjis-10" : "",
      "unicode" : "E721",
      "title" : "\u307b\u3063\u3068\u3057\u305f\u9854",
      "color" : "\u7d2b",
      "utf-8" : "EE9CA1"
    },
    "1023" : {
      "number" : "1023",
      "sjis" : "F9C7",
      "sjis-10" : "",
      "unicode" : "E722",
      "title" : "\u51b7\u3084\u6c57",
      "color" : "\u9752",
      "utf-8" : "EE9CA2"
    },
    "1024" : {
      "number" : "1024",
      "sjis" : "F9C8",
      "sjis-10" : "",
      "unicode" : "E723",
      "title" : "\u51b7\u3084\u6c572",
      "color" : "\u9752",
      "utf-8" : "EE9CA3"
    },
    "1025" : {
      "number" : "1025",
      "sjis" : "F9C9",
      "sjis-10" : "",
      "unicode" : "E724",
      "title" : "\u3077\u3063\u304f\u3063\u304f\u306a\u9854",
      "color" : "\u8d64",
      "utf-8" : "EE9CA4"
    },
    "1026" : {
      "number" : "1026",
      "sjis" : "F9CA",
      "sjis-10" : "",
      "unicode" : "E725",
      "title" : "\u30dc\u30b1\u30fc\u3063\u3068\u3057\u305f\u9854",
      "color" : "\u6df1\u7d2b",
      "utf-8" : "EE9CA5"
    },
    "1027" : {
      "number" : "1027",
      "sjis" : "F9CB",
      "sjis-10" : "",
      "unicode" : "E726",
      "title" : "\u76ee\u304c\u30cf\u30fc\u30c8",
      "color" : "\u7d2b",
      "utf-8" : "EE9CA6"
    },
    "1028" : {
      "number" : "1028",
      "sjis" : "F9CC",
      "sjis-10" : "",
      "unicode" : "E727",
      "title" : "\u6307\u3067OK",
      "color" : "\u30aa\u30ec\u30f3\u30b8",
      "utf-8" : "EE9CA7"
    },
    "1029" : {
      "number" : "1029",
      "sjis" : "F9CD",
      "sjis-10" : "",
      "unicode" : "E728",
      "title" : "\u3042\u3063\u304b\u3093\u3079\u30fc",
      "color" : "\u8d64",
      "utf-8" : "EE9CA8"
    },
    "1030" : {
      "number" : "1030",
      "sjis" : "F9CE",
      "sjis-10" : "",
      "unicode" : "E729",
      "title" : "\u30a6\u30a3\u30f3\u30af",
      "color" : "\u7d2b",
      "utf-8" : "EE9CA9"
    },
    "1031" : {
      "number" : "1031",
      "sjis" : "F9CF",
      "sjis-10" : "",
      "unicode" : "E72A",
      "title" : "\u3046\u308c\u3057\u3044\u9854",
      "color" : "\u7d2b",
      "utf-8" : "EE9CAA"
    },
    "1032" : {
      "number" : "1032",
      "sjis" : "F9D0",
      "sjis-10" : "",
      "unicode" : "E72B",
      "title" : "\u304c\u307e\u3093\u9854",
      "color" : "\u7d3a",
      "utf-8" : "EE9CAB"
    },
    "1033" : {
      "number" : "1033",
      "sjis" : "F9D1",
      "sjis-10" : "",
      "unicode" : "E72C",
      "title" : "\u732b2",
      "color" : "\u30aa\u30ec\u30f3\u30b8",
      "utf-8" : "EE9CAC"
    },
    "1034" : {
      "number" : "1034",
      "sjis" : "F9D2",
      "sjis-10" : "",
      "unicode" : "E72D",
      "title" : "\u6ce3\u304d\u9854",
      "color" : "\u9752",
      "utf-8" : "EE9CAD"
    },
    "1035" : {
      "number" : "1035",
      "sjis" : "F9D3",
      "sjis-10" : "",
      "unicode" : "E72E",
      "title" : "\u6d99",
      "color" : "\u9752",
      "utf-8" : "EE9CAE"
    },
    "1036" : {
      "number" : "1036",
      "sjis" : "F9D4",
      "sjis-10" : "",
      "unicode" : "E72F",
      "title" : "NG",
      "color" : "\u8d64",
      "utf-8" : "EE9CAF"
    },
    "1037" : {
      "number" : "1037",
      "sjis" : "F9D5",
      "sjis-10" : "",
      "unicode" : "E730",
      "title" : "\u30af\u30ea\u30c3\u30d7",
      "color" : "\u9752",
      "utf-8" : "EE9CB0"
    },
    "1038" : {
      "number" : "1038",
      "sjis" : "F9D6",
      "sjis-10" : "",
      "unicode" : "E731",
      "title" : "\u30b3\u30d4\u30fc\u30e9\u30a4\u30c8",
      "color" : "\u9ed2",
      "utf-8" : "EE9CB1"
    },
    "1039" : {
      "number" : "1039",
      "sjis" : "F9D7",
      "sjis-10" : "",
      "unicode" : "E732",
      "title" : "\u30c8\u30ec\u30fc\u30c9\u30de\u30fc\u30af",
      "color" : "\u9ed2",
      "utf-8" : "EE9CB2"
    },
    "1040" : {
      "number" : "1040",
      "sjis" : "F9D8",
      "sjis-10" : "",
      "unicode" : "E733",
      "title" : "\u8d70\u308b\u4eba",
      "color" : "\u9ed2",
      "utf-8" : "EE9CB3"
    },
    "1041" : {
      "number" : "1041",
      "sjis" : "F9D9",
      "sjis-10" : "",
      "unicode" : "E734",
      "title" : "\u30de\u30eb\u79d8",
      "color" : "\u8d64",
      "utf-8" : "EE9CB4"
    },
    "1042" : {
      "number" : "1042",
      "sjis" : "F9DA",
      "sjis-10" : "",
      "unicode" : "E735",
      "title" : "\u30ea\u30b5\u30a4\u30af\u30eb",
      "color" : "\u7dd1",
      "utf-8" : "EE9CB5"
    },
    "1043" : {
      "number" : "1043",
      "sjis" : "F9DB",
      "sjis-10" : "",
      "unicode" : "E736",
      "title" : "\u30ec\u30b8\u30b9\u30bf\u30fc\u30c9\u30c8\u30ec\u30fc\u30c9\u30de\u30fc\u30af",
      "color" : "\u9ed2",
      "utf-8" : "EE9CB6"
    },
    "1044" : {
      "number" : "1044",
      "sjis" : "F9DC",
      "sjis-10" : "",
      "unicode" : "E737",
      "title" : "\u5371\u967a\u30fb\u8b66\u544a",
      "color" : "\u30aa\u30ec\u30f3\u30b8",
      "utf-8" : "EE9CB7"
    },
    "1045" : {
      "number" : "1045",
      "sjis" : "F9DD",
      "sjis-10" : "",
      "unicode" : "E738",
      "title" : "\u7981\u6b62",
      "color" : "\u8d64",
      "utf-8" : "EE9CB8"
    },
    "1046" : {
      "number" : "1046",
      "sjis" : "F9DE",
      "sjis-10" : "",
      "unicode" : "E739",
      "title" : "\u7a7a\u5ba4\u30fb\u7a7a\u5e2d\u30fb\u7a7a\u8eca",
      "color" : "\u9752",
      "utf-8" : "EE9CB9"
    },
    "1047" : {
      "number" : "1047",
      "sjis" : "F9DF",
      "sjis-10" : "",
      "unicode" : "E73A",
      "title" : "\u5408\u683c\u30de\u30fc\u30af",
      "color" : "\u8d64",
      "utf-8" : "EE9CBA"
    },
    "1048" : {
      "number" : "1048",
      "sjis" : "F9E0",
      "sjis-10" : "",
      "unicode" : "E73B",
      "title" : "\u6e80\u5ba4\u30fb\u6e80\u5e2d\u30fb\u6e80\u8eca",
      "color" : "\u8d64",
      "utf-8" : "EE9CBB"
    },
    "1049" : {
      "number" : "1049",
      "sjis" : "F9E1",
      "sjis-10" : "",
      "unicode" : "E73C",
      "title" : "\u77e2\u5370\u5de6\u53f3",
      "color" : "\u9ed2",
      "utf-8" : "EE9CBC"
    },
    "1050" : {
      "number" : "1050",
      "sjis" : "F9E2",
      "sjis-10" : "",
      "unicode" : "E73D",
      "title" : "\u77e2\u5370\u4e0a\u4e0b",
      "color" : "\u9ed2",
      "utf-8" : "EE9CBD"
    },
    "1051" : {
      "number" : "1051",
      "sjis" : "F9E3",
      "sjis-10" : "",
      "unicode" : "E73E",
      "title" : "\u5b66\u6821",
      "color" : "\u7dd1",
      "utf-8" : "EE9CBE"
    },
    "1052" : {
      "number" : "1052",
      "sjis" : "F9E4",
      "sjis-10" : "",
      "unicode" : "E73F",
      "title" : "\u6ce2",
      "color" : "\u9752",
      "utf-8" : "EE9CBF"
    },
    "1053" : {
      "number" : "1053",
      "sjis" : "F9E5",
      "sjis-10" : "",
      "unicode" : "E740",
      "title" : "\u5bcc\u58eb\u5c71",
      "color" : "\u9752",
      "utf-8" : "EE9D80"
    },
    "1054" : {
      "number" : "1054",
      "sjis" : "F9E6",
      "sjis-10" : "",
      "unicode" : "E741",
      "title" : "\u30af\u30ed\u30fc\u30d0\u30fc",
      "color" : "\u7dd1",
      "utf-8" : "EE9D81"
    },
    "1055" : {
      "number" : "1055",
      "sjis" : "F9E7",
      "sjis-10" : "",
      "unicode" : "E742",
      "title" : "\u3055\u304f\u3089\u3093\u307c",
      "color" : "\u8d64",
      "utf-8" : "EE9D82"
    },
    "1056" : {
      "number" : "1056",
      "sjis" : "F9E8",
      "sjis-10" : "",
      "unicode" : "E743",
      "title" : "\u30c1\u30e5\u30fc\u30ea\u30c3\u30d7",
      "color" : "\u8d64",
      "utf-8" : "EE9D83"
    },
    "1057" : {
      "number" : "1057",
      "sjis" : "F9E9",
      "sjis-10" : "",
      "unicode" : "E744",
      "title" : "\u30d0\u30ca\u30ca",
      "color" : "\u30aa\u30ec\u30f3\u30b8",
      "utf-8" : "EE9D84"
    },
    "1058" : {
      "number" : "1058",
      "sjis" : "F9EA",
      "sjis-10" : "",
      "unicode" : "E745",
      "title" : "\u308a\u3093\u3054",
      "color" : "\u8d64",
      "utf-8" : "EE9D85"
    },
    "1059" : {
      "number" : "1059",
      "sjis" : "F9EB",
      "sjis-10" : "",
      "unicode" : "E746",
      "title" : "\u82bd",
      "color" : "\u7dd1",
      "utf-8" : "EE9D86"
    },
    "1060" : {
      "number" : "1060",
      "sjis" : "F9EC",
      "sjis-10" : "",
      "unicode" : "E747",
      "title" : "\u3082\u307f\u3058",
      "color" : "\u8d64",
      "utf-8" : "EE9D87"
    },
    "1061" : {
      "number" : "1061",
      "sjis" : "F9ED",
      "sjis-10" : "",
      "unicode" : "E748",
      "title" : "\u685c",
      "color" : "\u7d2b",
      "utf-8" : "EE9D88"
    },
    "1062" : {
      "number" : "1062",
      "sjis" : "F9EE",
      "sjis-10" : "",
      "unicode" : "E749",
      "title" : "\u304a\u306b\u304e\u308a",
      "color" : "\u9ed2",
      "utf-8" : "EE9D89"
    },
    "1063" : {
      "number" : "1063",
      "sjis" : "F9EF",
      "sjis-10" : "",
      "unicode" : "E74A",
      "title" : "\u30b7\u30e7\u30fc\u30c8\u30b1\u30fc\u30ad",
      "color" : "\u8d64",
      "utf-8" : "EE9D8A"
    },
    "1064" : {
      "number" : "1064",
      "sjis" : "F9F0",
      "sjis-10" : "",
      "unicode" : "E74B",
      "title" : "\u3068\u3063\u304f\u308a\uff08\u304a\u3061\u3087\u3053\u4ed8\u304d\uff09",
      "color" : "\u8336\u8272",
      "utf-8" : "EE9D8B"
    },
    "1065" : {
      "number" : "1065",
      "sjis" : "F9F1",
      "sjis-10" : "",
      "unicode" : "E74C",
      "title" : "\u3069\u3093\u3076\u308a",
      "color" : "\u30aa\u30ec\u30f3\u30b8",
      "utf-8" : "EE9D8C"
    },
    "1066" : {
      "number" : "1066",
      "sjis" : "F9F2",
      "sjis-10" : "",
      "unicode" : "E74D",
      "title" : "\u30d1\u30f3",
      "color" : "\u8336\u8272",
      "utf-8" : "EE9D8D"
    },
    "1067" : {
      "number" : "1067",
      "sjis" : "F9F3",
      "sjis-10" : "",
      "unicode" : "E74E",
      "title" : "\u304b\u305f\u3064\u3080\u308a",
      "color" : "\u8336\u8272",
      "utf-8" : "EE9D8E"
    },
    "1068" : {
      "number" : "1068",
      "sjis" : "F9F4",
      "sjis-10" : "",
      "unicode" : "E74F",
      "title" : "\u3072\u3088\u3053",
      "color" : "\u30aa\u30ec\u30f3\u30b8",
      "utf-8" : "EE9D8F"
    },
    "1069" : {
      "number" : "1069",
      "sjis" : "F9F5",
      "sjis-10" : "",
      "unicode" : "E750",
      "title" : "\u30da\u30f3\u30ae\u30f3",
      "color" : "\u7d3a",
      "utf-8" : "EE9D90"
    },
    "1070" : {
      "number" : "1070",
      "sjis" : "F9F6",
      "sjis-10" : "",
      "unicode" : "E751",
      "title" : "\u9b5a",
      "color" : "\u9752",
      "utf-8" : "EE9D91"
    },
    "1071" : {
      "number" : "1071",
      "sjis" : "F9F7",
      "sjis-10" : "",
      "unicode" : "E752",
      "title" : "\u3046\u307e\u3044\uff01",
      "color" : "\u30aa\u30ec\u30f3\u30b8",
      "utf-8" : "EE9D92"
    },
    "1072" : {
      "number" : "1072",
      "sjis" : "F9F8",
      "sjis-10" : "",
      "unicode" : "E753",
      "title" : "\u30a6\u30c3\u30b7\u30c3\u30b7",
      "color" : "\u30aa\u30ec\u30f3\u30b8",
      "utf-8" : "EE9D93"
    },
    "1073" : {
      "number" : "1073",
      "sjis" : "F9F9",
      "sjis-10" : "",
      "unicode" : "E754",
      "title" : "\u30a6\u30de",
      "color" : "\u8336\u8272",
      "utf-8" : "EE9D94"
    },
    "1074" : {
      "number" : "1074",
      "sjis" : "F9FA",
      "sjis-10" : "",
      "unicode" : "E755",
      "title" : "\u30d6\u30bf",
      "color" : "\u30aa\u30ec\u30f3\u30b8",
      "utf-8" : "EE9D95"
    },
    "1075" : {
      "number" : "1075",
      "sjis" : "F9FB",
      "sjis-10" : "",
      "unicode" : "E756",
      "title" : "\u30ef\u30a4\u30f3\u30b0\u30e9\u30b9",
      "color" : "\u6df1\u7d2b",
      "utf-8" : "EE9D96"
    },
    "1076" : {
      "number" : "1076",
      "sjis" : "F9FC",
      "sjis-10" : "",
      "unicode" : "E757",
      "title" : "\u3052\u3063\u305d\u308a",
      "color" : "\u6df1\u7d2b",
      "utf-8" : "EE9D97"
    }
  }
}
